,BABIP,P_ID
0,0.3451033172353733,2016
1,0.34060487184244703,2017
2,0.3408364447070832,2018
3,0.3219992567818655,2019
4,0.33464180569185475,2020
